Plot,Rep,SubBlock,Row,Column,Trial,GID,GYTha
1001,1,1,1,1,1,6463633,4.87573099415205
1002,1,1,2,1,1,3822784,4.41154970760234
1003,1,1,3,1,1,6463797,5.57565789473684
1004,1,1,4,1,1,6463812,5.83333333333333
1005,1,1,5,1,1,6463832,5.06396198830409
1006,1,2,6,1,1,6464471,5.75840643274854
1007,1,2,7,1,1,6568003,3.85964912280702
1008,1,2,8,1,1,6683296,4.03874269005848
1009,1,2,9,1,1,6681676,5.61220760233918
1010,1,2,10,1,1,6569575,5.86805555555556
1011,1,3,10,2,1,5398530,6.04897660818713
1012,1,3,9,2,1,6681699,5.35453216374269
1013,1,3,8,2,1,6683402,5.08223684210526
1014,1,3,7,2,1,6683405,2.43603801169591
1015,1,3,6,2,1,6683409,4.73318713450292
1016,1,4,5,2,1,6568075,5.86805555555556
1017,1,4,4,2,1,4755014,5.88633040935672
1018,1,4,3,2,1,6681733,5.17361111111111
1019,1,4,2,2,1,6681737,6.23538011695906
1020,1,4,1,2,1,6683445,6.23720760233918
1021,1,5,1,3,1,6683446,5.09320175438597
1022,1,5,2,3,1,6683449,5.41118421052632
1023,1,5,3,3,1,6683455,5.42214912280702
1024,1,5,4,3,1,6683456,5.83698830409357
1025,1,5,5,3,1,6683462,5.81140350877193
1026,1,6,6,3,1,6128005,4.92141812865497
1027,1,6,7,3,1,6683465,3.32236842105263
1028,1,6,8,3,1,6683476,3.36988304093567
1029,1,6,9,3,1,6683477,5.76571637426901
1030,1,6,10,3,1,6683480,5.61220760233918
1031,1,7,10,4,1,6683482,5.47697368421053
1032,1,7,9,4,1,6683483,6.2719298245614
1033,1,7,8,4,1,4902859,5.43311403508772
1034,1,7,7,4,1,6568106,4.13194444444444
1035,1,7,6,4,1,6683513,4.22331871345029
1036,1,8,5,4,1,6683522,5.92470760233918
1037,1,8,4,4,1,6683541,5.35635964912281
1038,1,8,3,4,1,6681793,5.55738304093567
1039,1,8,2,4,1,3872194,4.53399122807017
1040,1,8,1,4,1,6683550,5.68896198830409
1041,1,9,1,5,1,6681797,5.46600877192982
1042,1,9,2,5,1,6681798,5.28326023391813
1043,1,9,3,5,1,6683560,5.33808479532164
1044,1,9,4,5,1,6568140,4.95979532163743
1045,1,9,5,5,1,6681817,5.32529239766082
1046,1,10,6,5,1,6681820,4.84466374269006
1047,1,10,7,5,1,6681824,4.77521929824561
1048,1,10,8,5,1,6681827,5.94663742690058
1049,1,10,9,5,1,6681828,5.99415204678363
1050,1,10,10,5,1,6683590,5.92288011695906
1051,1,11,10,6,1,6683595,5.08223684210526
1052,1,11,9,6,1,6683597,5.14071637426901
1053,1,11,8,6,1,6568162,4.32017543859649
1054,1,11,7,6,1,6333158,4.52119883040936
1055,1,11,6,6,1,6568164,5.24853801169591
1056,1,12,5,6,1,6568169,4.375
1057,1,12,4,6,1,6681835,5.50255847953216
1058,1,12,3,6,1,6681851,5.15533625730994
1059,1,12,2,6,1,6681853,5.36915204678363
1060,1,12,1,6,1,6683614,5.81505847953216
1061,2,1,1,7,1,3872194,4.64912280701754
1062,2,1,2,7,1,6683456,6.23538011695906
1063,2,1,3,7,1,6683296,4.56140350877193
1064,2,1,4,7,1,6681793,5.64875730994152
1065,2,1,5,7,1,6568140,5.32163742690058
1066,2,2,6,7,1,6683483,3.91995614035088
1067,2,2,7,7,1,6463812,3.91081871345029
1068,2,2,8,7,1,6683449,5.14254385964912
1069,2,2,9,7,1,6681835,5.72733918128655
1070,2,2,10,7,1,6681699,6.05263157894737
1071,2,3,10,8,1,6683455,6.23355263157895
1072,2,3,9,8,1,6683462,5.0109649122807
1073,2,3,8,8,1,5398530,5.28326023391813
1074,2,3,7,8,1,6568169,5.13888888888889
1075,2,3,6,8,1,6681798,4.33845029239766
1076,2,4,5,8,1,6568075,5.92288011695906
1077,2,4,4,8,1,6568003,4.95796783625731
1078,2,4,3,8,1,6683513,4.95796783625731
1079,2,4,2,8,1,6683597,4.95431286549708
1080,2,4,1,8,1,6683477,5.31980994152047
1081,2,5,1,9,1,6683480,5.03106725146199
1082,2,5,2,9,1,6568164,4.49744152046784
1083,2,5,3,9,1,6681676,5.06944444444444
1084,2,5,4,9,1,6683560,6.10745614035088
1085,2,5,5,9,1,6681828,5.64875730994152
1086,2,6,6,9,1,6683614,4.36769005847953
1087,2,6,7,9,1,6128005,5.14254385964912
1088,2,6,8,9,1,6683409,4.77521929824561
1089,2,6,9,9,1,6683405,4.44809941520468
1090,2,6,10,9,1,6683550,5.21381578947368
1091,2,7,10,10,1,6569575,5.91008771929825
1092,2,7,9,10,1,6683476,5.42945906432749
1093,2,7,8,10,1,6683402,4.76973684210526
1094,2,7,7,10,1,6683446,3.93640350877193
1095,2,7,6,10,1,6681820,5.87171052631579
1096,2,8,5,10,1,6463832,4.93238304093567
1097,2,8,4,10,1,6568106,5.78764619883041
1098,2,8,3,10,1,3822784,5.14437134502924
1099,2,8,2,10,1,6681853,4.17397660818713
1100,2,8,1,10,1,6683482,5.58296783625731
1101,2,9,1,11,1,6681797,4.33845029239766
1102,2,9,2,11,1,6463797,5.13523391812865
1103,2,9,3,11,1,6463633,4.30190058479532
1104,2,9,4,11,1,6681827,5.86988304093567
1105,2,9,5,11,1,4902859,6.17690058479532
1106,2,10,6,11,1,6681817,5.92105263157895
1107,2,10,7,11,1,6681851,4.92872807017544
1108,2,10,8,11,1,6568162,4.78618421052632
1109,2,10,9,11,1,6681733,5.56286549707602
1110,2,10,10,11,1,6683590,5.35818713450292
1111,2,11,10,12,1,4755014,5.80226608187135
1112,2,11,9,12,1,6683541,5.71637426900585
1113,2,11,8,12,1,6464471,5.75657894736842
1114,2,11,7,12,1,6681824,5.15350877192982
1115,2,11,6,12,1,6333158,5.0858918128655
1116,2,12,5,12,1,6681737,6.01973684210526
1117,2,12,4,12,1,6683445,6.23538011695906
1118,2,12,3,12,1,6683522,5.69078947368421
1119,2,12,2,12,1,6683465,5.70358187134503
1120,2,12,1,12,1,6683595,4.5577485380117
2001,1,1,1,13,2,6568193,4.83004385964912
2002,1,1,2,13,2,3822784,4.84283625730994
2003,1,1,3,13,2,6681871,5.41666666666667
2004,1,1,4,13,2,6568220,5.42763157894737
2005,1,1,5,13,2,6568221,5.90277777777778
2006,1,2,6,13,2,6681889,5.33991228070175
2007,1,2,7,13,2,6568248,4.07711988304094
2008,1,2,8,13,2,6568253,4.73684210526316
2009,1,2,9,13,2,6568254,5.68347953216374
2010,1,2,10,13,2,6568279,5.72002923976608
2011,1,3,10,14,2,5398530,6.69407894736842
2012,1,3,9,14,2,6568280,5.23026315789474
2013,1,3,8,14,2,6683637,5.4093567251462
2014,1,3,7,14,2,6683641,4.91593567251462
2015,1,3,6,14,2,6683642,5.58114035087719
2016,1,4,5,14,2,6681899,5.70723684210526
2017,1,4,4,14,2,4755014,6.0562865497076
2018,1,4,3,14,2,6681917,5.15716374269006
2019,1,4,2,14,2,6681921,5.74195906432749
2020,1,4,1,14,2,6568296,4.91776315789474
2021,1,5,1,15,2,6568297,4.47916666666667
2022,1,5,2,15,2,6681938,4.85197368421053
2023,1,5,3,15,2,6681940,5.14254385964912
2024,1,5,4,15,2,6681942,5.70540935672515
2025,1,5,5,15,2,6683672,4.89766081871345
2026,1,6,6,15,2,6128005,5.94298245614035
2027,1,6,7,15,2,6681979,5.1937134502924
2028,1,6,8,15,2,6682029,3.72441520467836
2029,1,6,9,15,2,6682046,5.96308479532164
2030,1,6,10,15,2,6683705,6.25
2031,1,7,10,16,2,6568339,6.56798245614035
2032,1,7,9,16,2,6568341,6.45833333333333
2033,1,7,8,16,2,4902859,5.28508771929825
2034,1,7,7,16,2,6682064,5.89181286549708
2035,1,7,6,16,2,6682071,6.23538011695906
2036,1,8,5,16,2,6683720,6.14400584795322
2037,1,8,4,16,2,6568360,6.46929824561403
2038,1,8,3,16,2,6568374,4.15570175438597
2039,1,8,2,16,2,3872194,4.5906432748538
2040,1,8,1,16,2,6568389,6.32675438596491
2041,1,9,1,17,2,6683779,5.92836257309942
2042,1,9,2,17,2,6568414,7.08150584795322
2043,1,9,3,17,2,6682164,5.45869883040936
2044,1,9,4,17,2,6682165,5.93019005847953
2045,1,9,5,17,2,6682171,4.86476608187135
2046,1,10,6,17,2,6682185,6.08552631578947
2047,1,10,7,17,2,6682186,5.94115497076023
2048,1,10,8,17,2,6682188,6.37792397660819
2049,1,10,9,17,2,6568437,6.05445906432749
2050,1,10,10,17,2,6568578,7.14546783625731
2051,1,11,10,18,2,6567939,5.94115497076023
2052,1,11,9,18,2,6567959,5.96125730994152
2053,1,11,8,18,2,6568680,6.08918128654971
2054,1,11,7,18,2,6333158,6.30665204678363
2055,1,11,6,18,2,6568699,4.07711988304094
2056,1,12,5,18,2,6568703,5.35818713450292
2057,1,12,4,18,2,6568791,6.15862573099415
2058,1,12,3,18,2,6682391,6.50584795321637
2059,1,12,2,18,2,6682416,5.87353801169591
2060,1,12,1,18,2,6682428,6.35964912280702
2061,2,1,1,19,2,3872194,6.70321637426901
2062,2,1,2,19,2,6681942,4.87573099415205
2063,2,1,3,19,2,6568253,4.46454678362573
2064,2,1,4,19,2,6568374,4.73318713450292
2065,2,1,5,19,2,6682165,5.28326023391813
2066,2,2,6,19,2,6568341,6.14400584795322
2067,2,2,7,19,2,6568220,5.38194444444444
2068,2,2,8,19,2,6681938,5.35635964912281
2069,2,2,9,19,2,6568791,5.38194444444444
2070,2,2,10,19,2,6568280,6.09283625730994
2071,2,3,10,20,2,6681940,6.12938596491228
2072,2,3,9,20,2,6683672,5.06761695906433
2073,2,3,8,20,2,5398530,5.23026315789474
2074,2,3,7,20,2,6568703,5.40387426900585
2075,2,3,6,20,2,6568414,5.45321637426901
2076,2,4,5,20,2,6681899,6.07273391812865
2077,2,4,4,20,2,6568248,4.05884502923977
2078,2,4,3,20,2,6682071,5.19005847953216
2079,2,4,2,20,2,6567959,5.15533625730994
2080,2,4,1,20,2,6682046,5.86805555555556
2081,2,5,1,21,2,6683705,4.53764619883041
2082,2,5,2,21,2,6568699,3.44298245614035
2083,2,5,3,21,2,6568254,4.91593567251462
2084,2,5,4,21,2,6682164,6.08187134502924
2085,2,5,5,21,2,6568437,5.13888888888889
2086,2,6,6,21,2,6682428,5.9375
2087,2,6,7,21,2,6128005,5.22843567251462
2088,2,6,8,21,2,6683642,4.34393274853801
2089,2,6,9,21,2,6683641,5.59576023391813
2090,2,6,10,21,2,6568389,4.1374269005848
2091,2,7,10,22,2,6568279,3.78472222222222
2092,2,7,9,22,2,6682029,3.67690058479532
2093,2,7,8,22,2,6683637,3.88157894736842
2094,2,7,7,22,2,6568297,3.98026315789474
2095,2,7,6,22,2,6682185,4.95796783625731
2096,2,8,5,22,2,6568221,5.04385964912281
2097,2,8,4,22,2,6682064,6.59722222222222
2098,2,8,3,22,2,3822784,4.22331871345029
2099,2,8,2,22,2,6682416,4.40423976608187
2100,2,8,1,22,2,6568339,5.31980994152047
2101,2,9,1,23,2,6683779,4.35672514619883
2102,2,9,2,23,2,6681871,4.82273391812865
2103,2,9,3,23,2,6568193,4.32565789473684
2104,2,9,4,23,2,6682188,5.14254385964912
2105,2,9,5,23,2,4902859,4.60526315789474
2106,2,10,6,23,2,6682171,4.04605263157895
2107,2,10,7,23,2,6682391,4.16849415204678
2108,2,10,8,23,2,6568680,4.55043859649123
2109,2,10,9,23,2,6681917,4.09356725146199
2110,2,10,10,23,2,6568578,4.04422514619883
2111,2,11,10,24,2,4755014,3.86147660818713
2112,2,11,9,24,2,6568360,4.97258771929825
2113,2,11,8,24,2,6681889,5.32711988304094
2114,2,11,7,24,2,6682186,4.99269005847953
2115,2,11,6,24,2,6333158,4.7953216374269
2116,2,12,5,24,2,6681921,5.0109649122807
2117,2,12,4,24,2,6568296,5.16995614035088
2118,2,12,3,24,2,6683720,4.80811403508772
2119,2,12,2,24,2,6681979,4.81359649122807
2120,2,12,1,24,2,6567939,4.83918128654971
3001,1,1,1,25,3,6682445,5.26315789473684
3002,1,1,2,25,3,3822784,4.77704678362573
3003,1,1,3,25,3,6682470,4.23062865497076
3004,1,1,4,25,3,6682480,4.83918128654971
3005,1,1,5,25,3,6568875,5.99963450292398
3006,1,2,6,25,3,6682569,4.5047514619883
3007,1,2,7,25,3,6683954,5.31980994152047
3008,1,2,8,25,3,6683960,5.08040935672515
3009,1,2,9,25,3,6682594,4.42434210526316
3010,1,2,10,25,3,6568925,3.91995614035088
3011,1,3,10,26,3,5398530,4.3000730994152
3012,1,3,9,26,3,6568926,4.7953216374269
3013,1,3,8,26,3,6682631,4.85014619883041
3014,1,3,7,26,3,6682640,5.32163742690058
3015,1,3,6,26,3,6684000,4.81359649122807
3016,1,4,5,26,3,6684001,3.89619883040936
3017,1,4,4,26,3,4755014,4.82821637426901
3018,1,4,3,26,3,6684039,4.48464912280702
3019,1,4,2,26,3,6568984,4.99634502923977
3020,1,4,1,26,3,6682697,4.2781432748538
3021,1,5,1,27,3,6684083,4.69663742690058
3022,1,5,2,27,3,6569006,4.22514619883041
3023,1,5,3,27,3,6569011,4.24159356725146
3024,1,5,4,27,3,6682738,4.84283625730994
3025,1,5,5,27,3,6682745,5.26315789473684
3026,1,6,6,27,3,6128005,5.11695906432749
3027,1,6,7,27,3,6569056,5.44590643274854
3028,1,6,8,27,3,6682795,5.14437134502924
3029,1,6,9,27,3,6684107,4.36769005847953
3030,1,6,10,27,3,6682877,4.23976608187135
3031,1,7,10,28,3,6682903,4.05701754385965
3032,1,7,9,28,3,6682916,5.88084795321637
3033,1,7,8,28,3,4902859,5.57383040935672
3034,1,7,7,28,3,6684243,6.01425438596491
3035,1,7,6,28,3,6569184,5.20833333333333
3036,1,8,5,28,3,6569191,5.9594298245614
3037,1,8,4,28,3,6682939,5.42763157894737
3038,1,8,3,28,3,6682957,4.67105263157895
3039,1,8,2,28,3,3872194,4.87938596491228
3040,1,8,1,28,3,6684261,5.72002923976608
3041,1,9,1,29,3,6684265,3.92909356725146
3042,1,9,2,29,3,6569248,5.93932748538012
3043,1,9,3,29,3,6569306,5.37280701754386
3044,1,9,4,29,3,6569440,6.85489766081871
3045,1,9,5,29,3,6683117,4.62353801169591
3046,1,10,6,29,3,6683135,5.61038011695906
3047,1,10,7,29,3,6683181,5.5921052631579
3048,1,10,8,29,3,6683193,4.69663742690058
3049,1,10,9,29,3,6684333,4.49561403508772
3050,1,10,10,29,3,6564744,4.90131578947368
3051,1,11,10,30,3,6680149,4.2781432748538
3052,1,11,9,30,3,6678922,4.42251461988304
3053,1,11,8,30,3,6678929,5.84978070175439
3054,1,11,7,30,3,6333158,4.91593567251462
3055,1,11,6,30,3,6565838,5.55738304093567
3056,1,12,5,30,3,6565889,5.2266081871345
3057,1,12,4,30,3,6680725,4.82456140350877
3058,1,12,3,30,3,6680727,4.5906432748538
3059,1,12,2,30,3,6565008,4.73318713450292
3060,1,12,1,30,3,6680274,5.92105263157895
3061,2,1,1,31,3,3872194,4.91776315789474
3062,2,1,2,31,3,6682738,5.02741228070175
3063,2,1,3,31,3,6683960,4.25804093567251
3064,2,1,4,31,3,6682957,4.36951754385965
3065,2,1,5,31,3,6569440,5.37646198830409
3066,2,2,6,31,3,6682916,4.53216374269006
3067,2,2,7,31,3,6682480,4.34941520467836
3068,2,2,8,31,3,6569006,4.375
3069,2,2,9,31,3,6680725,4.68019005847953
3070,2,2,10,31,3,6568926,4.42251461988304
3071,2,3,10,32,3,6569011,4.95248538011696
3072,2,3,9,32,3,6682745,3.72989766081871
3073,2,3,8,32,3,5398530,5.44773391812865
3074,2,3,7,32,3,6565889,5.00913742690058
3075,2,3,6,32,3,6569248,4.3969298245614
3076,2,4,5,32,3,6684001,5.35453216374269
3077,2,4,4,32,3,6683954,5.46418128654971
3078,2,4,3,32,3,6569184,3.91081871345029
3079,2,4,2,32,3,6678922,5.28143274853801
3080,2,4,1,32,3,6684107,5.51900584795322
3081,2,5,1,33,3,6682877,5.39290935672515
3082,2,5,2,33,3,6565838,5.74744152046784
3083,2,5,3,33,3,6682594,3.62573099415205
3084,2,5,4,33,3,6569306,5.23391812865497
3085,2,5,5,33,3,6684333,5.10051169590643
3086,2,6,6,33,3,6680274,4.44078947368421
3087,2,6,7,33,3,6128005,5.20833333333333
3088,2,6,8,33,3,6684000,5.35818713450292
3089,2,6,9,33,3,6682640,3.73172514619883
3090,2,6,10,33,3,6684261,4.95614035087719
3091,2,7,10,34,3,6568925,5.28143274853801
3092,2,7,9,34,3,6682795,4.22149122807018
3093,2,7,8,34,3,6682631,5.64875730994152
3094,2,7,7,34,3,6684083,4.97258771929825
3095,2,7,6,34,3,6683135,5.33625730994152
3096,2,8,5,34,3,6568875,6.6703216374269
3097,2,8,4,34,3,6684243,4.73501461988304
3098,2,8,3,34,3,3822784,3.69152046783626
3099,2,8,2,34,3,6565008,5.42763157894737
3100,2,8,1,34,3,6682903,5.9594298245614
3101,2,9,1,35,3,6684265,6.4327485380117
3102,2,9,2,35,3,6682470,4.9890350877193
3103,2,9,3,35,3,6682445,3.82127192982456
3104,2,9,4,35,3,6683193,4.57054093567251
3105,2,9,5,35,3,4902859,6.18055555555556
3106,2,10,6,35,3,6683117,4.55226608187135
3107,2,10,7,35,3,6680727,6.25182748538012
3108,2,10,8,35,3,6678929,5.10416666666667
3109,2,10,9,35,3,6684039,4.00219298245614
3110,2,10,10,35,3,6564744,4.33479532163743
3111,2,11,10,36,3,4755014,4.99086257309942
3112,2,11,9,36,3,6682939,4.05701754385965
3113,2,11,8,36,3,6682569,5.02558479532164
3114,2,11,7,36,3,6683181,6.30665204678363
3115,2,11,6,36,3,6333158,6.10380116959064
3116,2,12,5,36,3,6568984,5.41118421052632
3117,2,12,4,36,3,6682697,3.9656432748538
3118,2,12,3,36,3,6569191,5.69078947368421
3119,2,12,2,36,3,6569056,5.45321637426901
3120,2,12,1,36,3,6680149,6.3249269005848
4001,1,1,20,36,4,6566016,6.17690058479532
4002,1,1,19,36,4,3822784,6.08552631578947
4003,1,1,18,36,4,6680293,5.15350877192982
4004,1,1,17,36,4,6565044,4.71856725146199
4005,1,1,16,36,4,6566037,3.3077485380117
4006,1,2,15,36,4,6566056,3.72989766081871
4007,1,2,14,36,4,6680355,5.04751461988304
4008,1,2,13,36,4,6565206,5.80043859649123
4009,1,2,12,36,4,6565465,6.09283625730994
4010,1,2,11,36,4,6680495,5.99780701754386
4011,1,3,11,35,4,5398530,6.25182748538012
4012,1,3,12,35,4,6680533,6.35599415204678
4013,1,3,13,35,4,6680535,6.36695906432749
4014,1,3,14,35,4,6565554,5.37828947368421
4015,1,3,15,35,4,6565632,4.00219298245614
4016,1,4,16,35,4,6680586,2.98245614035088
4017,1,4,17,35,4,4755014,4.4608918128655
4018,1,4,18,35,4,6680594,6.08918128654971
4019,1,4,19,35,4,6680599,4.58881578947368
4020,1,4,20,35,4,6680622,5.28508771929825
4021,1,5,20,34,4,6680812,7.67543859649123
4022,1,5,19,34,4,6680815,4.90497076023392
4023,1,5,18,34,4,6680819,4.93238304093567
4024,1,5,17,34,4,6680633,4.58698830409357
4025,1,5,16,34,4,6680831,3.17982456140351
4026,1,6,15,34,4,6128005,2.76681286549708
4027,1,6,14,34,4,6565686,3.27119883040936
4028,1,6,13,34,4,6680653,5.16264619883041
4029,1,6,12,34,4,6680656,6.54239766081871
4030,1,6,11,34,4,6680665,6.12207602339181
4031,1,7,11,33,4,6680863,5.26315789473684
4032,1,7,12,33,4,6680876,6.70687134502924
4033,1,7,13,33,4,4902859,6.19517543859649
4034,1,7,14,33,4,6680880,5.35453216374269
4035,1,7,15,33,4,6680905,3.60014619883041
4036,1,8,16,33,4,6679501,2.64985380116959
4037,1,8,17,33,4,6680913,4.29641812865497
4038,1,8,18,33,4,6680917,4.82821637426901
4039,1,8,19,33,4,3872194,4.92324561403509
4040,1,8,20,33,4,6680937,4.78983918128655
4041,1,9,20,32,4,6680947,5.81140350877193
4042,1,9,19,32,4,6680952,5.13523391812865
4043,1,9,18,32,4,6680967,5.00730994152047
4044,1,9,17,32,4,6566562,5.31798245614035
4045,1,9,16,32,4,6680978,3.81944444444444
4046,1,10,15,32,4,6680982,2.78691520467836
4047,1,10,14,32,4,6566596,7.29349415204678
4048,1,10,13,32,4,6679573,5.81505847953216
4049,1,10,12,32,4,6680988,6.17872807017544
4050,1,10,11,32,4,6566764,5.80043859649123
4051,1,11,11,31,4,6566775,6.12390350877193
4052,1,11,12,31,4,6566784,5.8296783625731
4053,1,11,13,31,4,6681069,5.64327485380117
4054,1,11,14,31,4,6333158,3.9656432748538
4055,1,11,15,31,4,6681082,4.15570175438597
4056,1,12,16,31,4,6566798,4.29459064327485
4057,1,12,17,31,4,6566799,5.37280701754386
4058,1,12,18,31,4,6681095,4.59429824561404
4059,1,12,19,31,4,6681105,5.13888888888889
4060,1,12,20,31,4,6681110,4.91776315789474
4061,2,1,20,30,4,3872194,4.61988304093567
4062,2,1,19,30,4,6680633,5.28508771929825
4063,2,1,18,30,4,6565206,5.26498538011696
4064,2,1,17,30,4,6680917,5.46418128654971
4065,2,1,16,30,4,6566562,3.58735380116959
4066,2,2,15,30,4,6680876,4.49744152046784
4067,2,2,14,30,4,6565044,4.42251461988304
4068,2,2,13,30,4,6680815,5.44590643274854
4069,2,2,12,30,4,6566799,4.97076023391813
4070,2,2,11,30,4,6680533,6.16045321637427
4071,2,3,11,29,4,6680819,5.32163742690058
4072,2,3,12,29,4,6680831,4.66008771929825
4073,2,3,13,29,4,5398530,6.9078947368421
4074,2,3,14,29,4,6566798,5.63048245614035
4075,2,3,15,29,4,6680952,4.86293859649123
4076,2,4,16,29,4,6680586,4.36769005847953
4077,2,4,17,29,4,6680355,6.23720760233918
4078,2,4,18,29,4,6680905,5.13888888888889
4079,2,4,19,29,4,6566784,5.81140350877193
4080,2,4,20,29,4,6680656,5.13888888888889
4081,2,5,20,28,4,6680665,4.63084795321637
4082,2,5,19,28,4,6681082,4.64364035087719
4083,2,5,18,28,4,6565465,4.94517543859649
4084,2,5,17,28,4,6680967,5.56652046783626
4085,2,5,16,28,4,6680988,4.54312865497076
4086,2,6,15,28,4,6681110,4.33845029239766
4087,2,6,14,28,4,6128005,5.2046783625731
4088,2,6,13,28,4,6565632,5.38194444444444
4089,2,6,12,28,4,6565554,5.48793859649123
4090,2,6,11,28,4,6680937,5.10233918128655
4091,2,7,11,27,4,6680495,5.59027777777778
4092,2,7,12,27,4,6680653,5.76937134502924
4093,2,7,13,27,4,6680535,5.9155701754386
4094,2,7,14,27,4,6680812,5.44407894736842
4095,2,7,15,27,4,6680982,3.13048245614035
4096,2,8,16,27,4,6566037,5.35453216374269
4097,2,8,17,27,4,6680880,5.77302631578947
4098,2,8,18,27,4,3822784,4.41337719298246
4099,2,8,19,27,4,6681105,4.82273391812865
4100,2,8,20,27,4,6680863,4.38961988304094
4101,2,9,20,26,4,6680947,5.62317251461988
4102,2,9,19,26,4,6680293,5.47331871345029
4103,2,9,18,26,4,6566016,5.5171783625731
4104,2,9,17,26,4,6679573,4.86476608187135
4105,2,9,16,26,4,4902859,5.07675438596491
4106,2,10,15,26,4,6680978,4.91776315789474
4107,2,10,14,26,4,6681095,4.75877192982456
4108,2,10,13,26,4,6681069,5.37646198830409
4109,2,10,12,26,4,6680594,5.93932748538012
4110,2,10,11,26,4,6566764,4.97258771929825
4111,2,11,11,25,4,4755014,6.05994152046784
4112,2,11,12,25,4,6680913,5.77485380116959
4113,2,11,13,25,4,6566056,5.16081871345029
4114,2,11,14,25,4,6566596,5.3344298245614
4115,2,11,15,25,4,6333158,5.5281432748538
4116,2,12,16,25,4,6680599,4.51023391812865
4117,2,12,17,25,4,6680622,4.41520467836257
4118,2,12,18,25,4,6679501,5.09502923976608
4119,2,12,19,25,4,6565686,4.87755847953216
4120,2,12,20,25,4,6566775,5.53545321637427
5001,1,1,20,24,5,6566815,5.73830409356725
5002,1,1,19,24,5,3822784,4.77156432748538
5003,1,1,18,24,5,6566821,4.67836257309942
5004,1,1,17,24,5,6681164,4.60709064327485
5005,1,1,16,24,5,6681165,4.35672514619883
5006,1,2,15,24,5,6566857,4.7733918128655
5007,1,2,14,24,5,6566879,5.6469298245614
5008,1,2,13,24,5,6679664,5.39290935672515
5009,1,2,12,24,5,6679686,5.32163742690058
5010,1,2,11,24,5,6679707,5.19005847953216
5011,1,3,11,23,5,5398530,6.29568713450292
5012,1,3,12,23,5,6679708,5.70358187134503
5013,1,3,13,23,5,6681187,5.57383040935672
5014,1,3,14,23,5,6681194,5.78947368421053
5015,1,3,15,23,5,6567022,5.2266081871345
5016,1,4,16,23,5,6567026,4.6984649122807
5017,1,4,17,23,5,4755014,6.06907894736842
5018,1,4,18,23,5,6679734,5.37828947368421
5019,1,4,19,23,5,6567071,4.97076023391813
5020,1,4,20,23,5,6679780,5.84795321637427
5021,1,5,20,22,5,6681250,5.35818713450292
5022,1,5,19,22,5,6567114,4.97624269005848
5023,1,5,18,22,5,6567133,5.33260233918129
5024,1,5,17,22,5,6567153,4.84466374269006
5025,1,5,16,22,5,6679806,3.24195906432749
5026,1,6,15,22,5,6128005,4.32931286549708
5027,1,6,14,22,5,6681297,4.48464912280702
5028,1,6,13,22,5,6681302,4.90497076023392
5029,1,6,12,22,5,6567294,5.06761695906433
5030,1,6,11,22,5,6567306,5.41666666666667
5031,1,7,11,21,5,6567324,5.88084795321637
5032,1,7,12,21,5,6679848,5.84612573099415
5033,1,7,13,21,5,4902859,6.38523391812865
5034,1,7,14,21,5,6679852,5.28326023391813
5035,1,7,15,21,5,6567379,4.59247076023392
5036,1,8,16,21,5,6567381,6.45102339181287
5037,1,8,17,21,5,6681373,5.54093567251462
5038,1,8,18,21,5,6567393,6.10562865497076
5039,1,8,19,21,5,3872194,5.06213450292398
5040,1,8,20,21,5,6681419,5.88450292397661
5041,1,9,20,20,5,6567405,5.7108918128655
5042,1,9,19,20,5,6681429,6.26827485380117
5043,1,9,18,20,5,6681430,6.34868421052632
5044,1,9,17,20,5,6681434,5.81140350877193
5045,1,9,16,20,5,6679874,6.06907894736842
5046,1,10,15,20,5,6681449,5.56103801169591
5047,1,10,14,20,5,6567465,6.64656432748538
5048,1,10,13,20,5,6679934,6.64108187134503
5049,1,10,12,20,5,6679937,6.56432748538012
5050,1,10,11,20,5,6567609,6.02156432748538
5051,1,11,11,19,5,6679953,5.74561403508772
5052,1,11,12,19,5,6679959,5.24122807017544
5053,1,11,13,19,5,6679967,5.27595029239766
5054,1,11,14,19,5,6333158,6.42543859649123
5055,1,11,15,19,5,6679981,5.95211988304094
5056,1,12,16,19,5,6679995,6.11476608187135
5057,1,12,17,19,5,6681562,6.67763157894737
5058,1,12,18,19,5,6681565,5.61038011695906
5059,1,12,19,19,5,6681576,6.1531432748538
5060,1,12,20,19,5,6680023,5.94663742690058
5061,2,1,20,18,5,3872194,5.04020467836257
5062,2,1,19,18,5,6567153,4.52850877192982
5063,2,1,18,18,5,6679664,6.05811403508772
5064,2,1,17,18,5,6567393,5.70358187134503
5065,2,1,16,18,5,6681434,5.81140350877193
5066,2,2,15,18,5,6679848,5.22295321637427
5067,2,2,14,18,5,6681164,3.86513157894737
5068,2,2,13,18,5,6567114,4.78801169590643
5069,2,2,12,18,5,6681562,5.39108187134503
5070,2,2,11,18,5,6679708,5.33991228070175
5071,2,3,11,17,5,6567133,5.16264619883041
5072,2,3,12,17,5,6679806,3.99853801169591
5073,2,3,13,17,5,5398530,5.54641812865497
5074,2,3,14,17,5,6679995,4.48464912280702
5075,2,3,15,17,5,6681429,4.33845029239766
5076,2,4,16,17,5,6567026,3.90899122807017
5077,2,4,17,17,5,6566879,4.19956140350877
5078,2,4,18,17,5,6567379,5.02010233918129
5079,2,4,19,17,5,6679959,5.44773391812865
5080,2,4,20,17,5,6567294,5.56834795321637
5081,2,5,20,16,5,6567306,5.47514619883041
5082,2,5,19,16,5,6679981,5.44773391812865
5083,2,5,18,16,5,6679686,3.49963450292398
5084,2,5,17,16,5,6681430,3.92909356725146
5085,2,5,16,16,5,6679937,3.55080409356725
5086,2,6,15,16,5,6680023,3.01535087719298
5087,2,6,14,16,5,6128005,4.05884502923977
5088,2,6,13,16,5,6567022,4.53581871345029
5089,2,6,12,16,5,6681194,4.89948830409357
5090,2,6,11,16,5,6681419,4.67836257309942
5091,2,7,11,15,5,6679707,4.66374269005848
5092,2,7,12,15,5,6681302,3.95285087719298
5093,2,7,13,15,5,6681187,4.07894736842105
5094,2,7,14,15,5,6681250,3.52704678362573
5095,2,7,15,15,5,6681449,2.37755847953216
5096,2,8,16,15,5,6681165,2.74122807017544
5097,2,8,17,15,5,6679852,3.59100877192982
5098,2,8,18,15,5,3822784,3.79203216374269
5099,2,8,19,15,5,6681576,6.12573099415205
5100,2,8,20,15,5,6567324,6.10562865497076
5101,2,9,20,14,5,6567405,5.38925438596491
5102,2,9,19,14,5,6566821,5.1297514619883
5103,2,9,18,14,5,6566815,5.23026315789474
5104,2,9,17,14,5,6679934,3.85599415204678
5105,2,9,16,14,5,4902859,3.10489766081871
5106,2,10,15,14,5,6679874,2.78143274853801
5107,2,10,14,14,5,6681565,3.56359649122807
5108,2,10,13,14,5,6679967,3.24195906432749
5109,2,10,12,14,5,6679734,4.54861111111111
5110,2,10,11,14,5,6567609,4.70029239766082
5111,2,11,11,13,5,4755014,5.05665204678363
5112,2,11,12,13,5,6681373,5.33625730994152
5113,2,11,13,13,5,6566857,4.62353801169591
5114,2,11,14,13,5,6567465,3.11220760233918
5115,2,11,15,13,5,6333158,2.46710526315789
5116,2,12,16,13,5,6567071,2.41959064327485
5117,2,12,17,13,5,6679780,4.20138888888889
5118,2,12,18,13,5,6567381,4.98720760233918
5119,2,12,19,13,5,6681297,4.64729532163743
5120,2,12,20,13,5,6679953,5.71271929824561
6001,1,1,20,12,6,6680034,5.88084795321637
6002,1,1,19,12,6,3822784,5.12244152046784
6003,1,1,18,12,6,6681591,4.45358187134503
6004,1,1,17,12,6,6681594,4.10087719298246
6005,1,1,16,12,6,6680044,3.17434210526316
6006,1,2,15,12,6,6567756,2.55116959064327
6007,1,2,14,12,6,6681620,2.60964912280702
6008,1,2,13,12,6,6678438,4.51571637426901
6009,1,2,12,12,6,6678574,4.75146198830409
6010,1,2,11,12,6,6678576,5.58662280701754
6011,1,3,11,11,6,5398530,5.14802631578947
6012,1,3,12,11,6,6691033,4.83918128654971
6013,1,3,13,11,6,6691103,3.51973684210526
6014,1,3,14,11,6,6692023,2.60416666666667
6015,1,3,15,11,6,6692029,3.39364035087719
6016,1,4,16,11,6,6692094,2.32638888888889
6017,1,4,17,11,6,4755014,4.40606725146199
6018,1,4,18,11,6,6692111,5.39656432748538
6019,1,4,19,11,6,6692131,5.61951754385965
6020,1,4,20,11,6,6690538,5.02010233918129
6021,1,5,20,10,6,6691533,6.09649122807017
6022,1,5,19,10,6,6690647,5.28691520467836
6023,1,5,18,10,6,6681677,5.37463450292398
6024,1,5,17,10,6,6683388,4.74780701754386
6025,1,5,16,10,6,6681712,2.72295321637427
6026,1,6,15,10,6,6128005,2.24049707602339
6027,1,6,14,10,6,6681720,2.67178362573099
6028,1,6,13,10,6,6683490,4.38961988304094
6029,1,6,12,10,6,6681777,5.24853801169591
6030,1,6,11,10,6,6681794,4.85562865497076
6031,1,7,11,9,6,6681799,4.43347953216374
6032,1,7,12,9,6,6568153,4.71491228070175
6033,1,7,13,9,6,4902859,4.93786549707602
6034,1,7,14,9,6,6681831,3.61476608187134
6035,1,7,15,9,6,6683592,2.72295321637427
6036,1,8,16,9,6,6683593,3.28764619883041
6037,1,8,17,9,6,6683598,4.53216374269006
6038,1,8,18,9,6,6568165,5.41849415204678
6039,1,8,19,9,6,3872194,5.35818713450292
6040,1,8,20,9,6,6568200,5.6469298245614
6041,1,9,20,8,6,6568262,5.8296783625731
6042,1,9,19,8,6,6568291,6.45650584795322
6043,1,9,18,8,6,6681908,6.00146198830409
6044,1,9,17,8,6,6681915,6.18421052631579
6045,1,9,16,8,6,6681930,4.72770467836257
6046,1,10,15,8,6,6682048,3.13048245614035
6047,1,10,14,8,6,6568342,3.67690058479532
6048,1,10,13,8,6,6568347,4.69298245614035
6049,1,10,12,8,6,6678734,4.82273391812865
6050,1,10,11,8,6,6568362,5.45504385964912
6051,1,11,11,7,6,6682146,5.45504385964912
6052,1,11,12,7,6,6568406,4.9031432748538
6053,1,11,13,7,6,6682160,5.22843567251462
6054,1,11,14,7,6,6333158,5.0328947368421
6055,1,11,15,7,6,6682204,3.8468567251462
6056,1,12,16,7,6,6568484,3.63852339181286
6057,1,12,17,7,6,6683822,5.38011695906433
6058,1,12,18,7,6,6568597,4.32383040935672
6059,1,12,19,7,6,6567947,4.72039473684211
6060,1,12,20,7,6,6567963,5.4203216374269
6061,2,1,20,6,6,3872194,5.47149122807017
6062,2,1,19,6,6,6683388,5.19736842105263
6063,2,1,18,6,6,6678438,5.25219298245614
6064,2,1,17,6,6,6568165,4.2781432748538
6065,2,1,16,6,6,6681915,3.90533625730994
6066,2,2,15,6,6,6568153,3.11220760233918
6067,2,2,14,6,6,6681594,4.38779239766082
6068,2,2,13,6,6,6690647,4.98538011695906
6069,2,2,12,6,6,6683822,5.56286549707602
6070,2,2,11,6,6,6691033,5.29788011695906
6071,2,3,11,5,6,6681677,5.27229532163743
6072,2,3,12,5,6,6681712,5.63230994152047
6073,2,3,13,5,6,5398530,4.50292397660819
6074,2,3,14,5,6,6568484,3.46856725146199
6075,2,3,15,5,6,6568291,3.9437134502924
6076,2,4,16,5,6,6692094,5.17726608187135
6077,2,4,17,5,6,6681620,4.82456140350877
6078,2,4,18,5,6,6683592,5.87353801169591
6079,2,4,19,5,6,6568406,6.18055555555556
6080,2,4,20,5,6,6681777,6.21527777777778
6081,2,5,20,4,6,6681794,5.64510233918129
6082,2,5,19,4,6,6682204,4.78618421052632
6083,2,5,18,4,6,6678574,5.02010233918129
6084,2,5,17,4,6,6681908,4.30372807017544
6085,2,5,16,4,6,6678734,4.67470760233918
6086,2,6,15,4,6,6567963,3.33516081871345
6087,2,6,14,4,6,6128005,4.60891812865497
6088,2,6,13,4,6,6692029,5.10964912280702
6089,2,6,12,4,6,6692023,5.30884502923977
6090,2,6,11,4,6,6568200,4.72039473684211
6091,2,7,11,3,6,6678576,4.99269005847953
6092,2,7,12,3,6,6683490,5.2266081871345
6093,2,7,13,3,6,6691103,5.26498538011696
6094,2,7,14,3,6,6691533,5.57565789473684
6095,2,7,15,3,6,6682048,3.65497076023392
6096,2,8,16,3,6,6680044,4.83918128654971
6097,2,8,17,3,6,6681831,4.36769005847953
6098,2,8,18,3,6,3822784,4.66922514619883
6099,2,8,19,3,6,6567947,5.77485380116959
6100,2,8,20,3,6,6681799,5.55738304093567
6101,2,9,20,2,6,6568262,5.16264619883041
6102,2,9,19,2,6,6681591,5.17361111111111
6103,2,9,18,2,6,6680034,5.90095029239766
6104,2,9,17,2,6,6568347,4.4499269005848
6105,2,9,16,2,6,4902859,5.19919590643275
6106,2,10,15,2,6,6681930,3.49963450292398
6107,2,10,14,2,6,6568597,3.7719298245614
6108,2,10,13,2,6,6682160,5.20833333333333
6109,2,10,12,2,6,6692111,6.21893274853801
6110,2,10,11,2,6,6568362,5.09502923976608
6111,2,11,11,1,6,4755014,6.40168128654971
6112,2,11,12,1,6,6683598,6.22076023391813
6113,2,11,13,1,6,6567756,6.30299707602339
6114,2,11,14,1,6,6568342,6.45285087719298
6115,2,11,15,1,6,6333158,5.11147660818713
6116,2,12,16,1,6,6692131,5.79130116959064
6117,2,12,17,1,6,6690538,5.43311403508772
6118,2,12,18,1,6,6683593,5.38194444444444
6119,2,12,19,1,6,6681720,6.30116959064327
6120,2,12,20,1,6,6682146,5.48245614035088
7001,1,1,21,1,7,6682267,5.85891812865497
7002,1,1,22,1,7,3822784,6.25
7003,1,1,23,1,7,6568710,6.48574561403509
7004,1,1,24,1,7,6682340,6.39437134502924
7005,1,1,25,1,7,6682434,6.30299707602339
7006,1,2,26,1,7,6682521,6.52595029239766
7007,1,2,27,1,7,6682522,6.27010233918129
7008,1,2,28,1,7,6683943,6.22441520467836
7009,1,2,29,1,7,6568885,6.53874269005848
7010,1,2,30,1,7,6682538,6.29203216374269
7011,1,3,30,2,7,5398530,7.1125730994152
7012,1,3,29,2,7,6683966,6.62280701754386
7013,1,3,28,2,7,6684034,5.95029239766082
7014,1,3,27,2,7,6684036,5.16630116959064
7015,1,3,26,2,7,6684041,5.00182748538012
7016,1,4,25,2,7,6684042,6.41630116959064
7017,1,4,24,2,7,4755014,6.61366959064327
7018,1,4,23,2,7,6684073,6.97551169590643
7019,1,4,22,2,7,6682717,6.22989766081871
7020,1,4,21,2,7,6569050,5.77485380116959
7021,1,5,21,3,7,6682753,5.32711988304094
7022,1,5,22,3,7,6682781,6.70138888888889
7023,1,5,23,3,7,6682784,6.39071637426901
7024,1,5,24,3,7,6684125,7.02119883040936
7025,1,5,25,3,7,6684160,6.36330409356725
7026,1,6,26,3,7,6128005,4.47002923976608
7027,1,6,27,3,7,6684163,6.16776315789474
7028,1,6,28,3,7,6684179,6.63377192982456
7029,1,6,29,3,7,6684188,6.6593567251462
7030,1,6,30,3,7,6684197,5.8296783625731
7031,1,7,30,4,7,6682837,5.18457602339181
7032,1,7,29,4,7,6682839,6.81286549707602
7033,1,7,28,4,7,4902859,5.6030701754386
7034,1,7,27,4,7,6682843,4.30738304093567
7035,1,7,26,4,7,6682847,6.96271929824561
7036,1,8,25,4,7,6682866,5.72002923976608
7037,1,8,24,4,7,6684207,6.15862573099415
7038,1,8,23,4,7,6684208,5.40387426900585
7039,1,8,22,4,7,3872194,5.37828947368421
7040,1,8,21,4,7,6682884,5.09502923976608
7041,1,9,21,5,7,6684210,6.04714912280702
7042,1,9,22,5,7,6682893,5.62317251461988
7043,1,9,23,5,7,6569147,6.43457602339181
7044,1,9,24,5,7,6682921,6.19700292397661
7045,1,9,25,5,7,6682922,6.19517543859649
7046,1,10,26,5,7,6682935,4.00036549707602
7047,1,10,27,5,7,6569194,4.47733918128655
7048,1,10,28,5,7,6682938,4.96162280701754
7049,1,10,29,5,7,6684250,5.12792397660819
7050,1,10,30,5,7,6683083,5.56652046783626
7051,1,11,30,6,7,6683244,5.50255847953216
7052,1,11,29,6,7,6684341,4.97624269005848
7053,1,11,28,6,7,6684347,4.59612573099415
7054,1,11,27,6,7,6333158,5.04568713450292
7055,1,11,26,6,7,6569526,6.61366959064327
7056,1,12,25,6,7,6680126,6.27741228070175
7057,1,12,24,6,7,6680712,6.20614035087719
7058,1,12,23,6,7,6680187,6.10014619883041
7059,1,12,22,6,7,6692346,5.3983918128655
7060,1,12,21,6,7,6679098,4.85014619883041
7061,2,1,21,7,7,3872194,4.96527777777778
7062,2,1,22,7,7,6684125,4.99634502923977
7063,2,1,23,7,7,6683943,5.94298245614035
7064,2,1,24,7,7,6684208,5.46052631578947
7065,2,1,25,7,7,6682921,6.04897660818713
7066,2,2,26,7,7,6682839,7.01206140350877
7067,2,2,27,7,7,6682340,4.72770467836257
7068,2,2,28,7,7,6682781,5.26864035087719
7069,2,2,29,7,7,6680712,4.75328947368421
7070,2,2,30,7,7,6683966,4.84283625730994
7071,2,3,30,8,7,6682784,4.74780701754386
7072,2,3,29,8,7,6684160,4.85014619883041
7073,2,3,28,8,7,5398530,5.95760233918129
7074,2,3,27,8,7,6680126,5.33260233918129
7075,2,3,26,8,7,6682893,5.43859649122807
7076,2,4,25,8,7,6684042,6.39985380116959
7077,2,4,24,8,7,6682522,5.72733918128655
7078,2,4,23,8,7,6682847,6.41995614035088
7079,2,4,22,8,7,6684341,5.35635964912281
7080,2,4,21,8,7,6684188,4.56505847953216
7081,2,5,21,9,7,6684197,4.79897660818713
7082,2,5,22,9,7,6569526,6.12207602339181
7083,2,5,23,9,7,6568885,5.63779239766082
7084,2,5,24,9,7,6569147,6.92251461988304
7085,2,5,25,9,7,6684250,4.6984649122807
7086,2,6,26,9,7,6679098,4.59978070175439
7087,2,6,27,9,7,6128005,5.62865497076023
7088,2,6,28,9,7,6684041,5.65058479532164
7089,2,6,29,9,7,6684036,5.02741228070175
7090,2,6,30,9,7,6682884,4.95431286549708
7091,2,7,30,10,7,6682538,5.07309941520468
7092,2,7,29,10,7,6684179,5.57931286549708
7093,2,7,28,10,7,6684034,5.47331871345029
7094,2,7,27,10,7,6682753,5.70358187134503
7095,2,7,26,10,7,6682935,5.67068713450292
7096,2,8,25,10,7,6682434,5.67799707602339
7097,2,8,24,10,7,6682843,6.58991228070175
7098,2,8,23,10,7,3822784,4.42251461988304
7099,2,8,22,10,7,6692346,5.47880116959064
7100,2,8,21,10,7,6682837,6.27558479532164
7101,2,9,21,11,7,6684210,5.53545321637427
7102,2,9,22,11,7,6568710,5.57200292397661
7103,2,9,23,11,7,6682267,6.75073099415205
7104,2,9,24,11,7,6682938,5.5921052631579
7105,2,9,25,11,7,4902859,5.4422514619883
7106,2,10,26,11,7,6682922,6.01425438596491
7107,2,10,27,11,7,6680187,5.69444444444444
7108,2,10,28,11,7,6684347,5.54093567251462
7109,2,10,29,11,7,6684073,6.99926900584795
7110,2,10,30,11,7,6683083,5.27595029239766
7111,2,11,30,12,7,4755014,6.06542397660819
7112,2,11,29,12,7,6684207,5.16812865497076
7113,2,11,28,12,7,6682521,5.39473684210526
7114,2,11,27,12,7,6569194,5.73830409356725
7115,2,11,26,12,7,6333158,6.35051169590643
7116,2,12,25,12,7,6682717,4.68019005847953
7117,2,12,24,12,7,6569050,6.70138888888889
7118,2,12,23,12,7,6682866,5.94298245614035
7119,2,12,22,12,7,6684163,5.28874269005848
7120,2,12,21,12,7,6683244,5.25036549707602
8001,1,1,21,13,8,6679102,5.67251461988304
8002,1,1,22,13,8,3822784,4.17763157894737
8003,1,1,23,13,8,6680738,5.09502923976608
8004,1,1,24,13,8,6680744,6.51498538011696
8005,1,1,25,13,8,6565276,4.94517543859649
8006,1,2,26,13,8,6679336,5.96856725146199
8007,1,2,27,13,8,6565553,5.42580409356725
8008,1,2,28,13,8,6565566,5.17178362573099
8009,1,2,29,13,8,6680561,4.93603801169591
8010,1,2,30,13,8,6679532,5.97587719298246
8011,1,3,30,14,8,5398530,6.32675438596491
8012,1,3,29,14,8,6679537,6.01425438596491
8013,1,3,28,14,8,6679539,6.40168128654971
8014,1,3,27,14,8,6680962,5.29970760233918
8015,1,3,26,14,8,6692387,5.10416666666667
8016,1,4,25,14,8,6680977,5.8516081871345
8017,1,4,24,14,8,4755014,6.16228070175439
8018,1,4,23,14,8,6680989,5.79861111111111
8019,1,4,22,14,8,6680990,5.55738304093567
8020,1,4,21,14,8,6680991,5.49342105263158
8021,1,5,21,15,8,6566828,4.84466374269006
8022,1,5,22,15,8,6679657,5.15350877192982
8023,1,5,23,15,8,6679711,6.3687865497076
8024,1,5,24,15,8,6681248,6.05263157894737
8025,1,5,25,15,8,6567274,4.62353801169591
8026,1,6,26,15,8,6128005,6.59356725146199
8027,1,6,27,15,8,6567301,5.07675438596491
8028,1,6,28,15,8,6567313,5.92470760233918
8029,1,6,29,15,8,6681312,5.61038011695906
8030,1,6,30,15,8,6681319,6.29385964912281
8031,1,7,30,16,8,6567383,5.67616959064327
8032,1,7,29,16,8,6679883,5.66703216374269
8033,1,7,28,16,8,4902859,5.93201754385965
8034,1,7,27,16,8,6679899,5.75109649122807
8035,1,7,26,16,8,6681451,6.21527777777778
8036,1,8,25,16,8,6681453,4.98720760233918
8037,1,8,24,16,8,6681459,6.19517543859649
8038,1,8,23,16,8,6681462,5.47880116959064
8039,1,8,22,16,8,3872194,4.80263157894737
8040,1,8,21,16,8,6681464,4.98172514619883
8041,1,9,21,17,8,6567425,6.26827485380117
8042,1,9,22,17,8,6681477,5.3344298245614
8043,1,9,23,17,8,6567430,5.88084795321637
8044,1,9,24,17,8,6567433,6.02521929824561
8045,1,9,25,17,8,6567480,4.80994152046784
8046,1,10,26,17,8,6681489,6.02704678362573
8047,1,10,27,17,8,6681493,6.23355263157895
8048,1,10,28,17,8,6679927,6.56615497076023
8049,1,10,29,17,8,6679929,4.34027777777778
8050,1,10,30,17,8,6681545,5.47514619883041
8051,1,11,30,18,8,6679996,5.96673976608187
8052,1,11,29,18,8,6690981,5.26315789473684
8053,1,11,28,18,8,6691914,5.83698830409357
8054,1,11,27,18,8,6333158,5.61951754385965
8055,1,11,26,18,8,6692205,6.14583333333333
8056,1,12,25,18,8,6692209,5.05847953216374
8057,1,12,24,18,8,6691100,5.21381578947368
8058,1,12,23,18,8,6692002,5.93384502923977
8059,1,12,22,18,8,6692031,6.09100877192982
8060,1,12,21,18,8,6692044,5.46966374269006
8061,2,1,21,19,8,3872194,4.23793859649123
8062,2,1,22,19,8,6681248,5.47331871345029
8063,2,1,23,19,8,6565566,5.57383040935672
8064,2,1,24,19,8,6681462,5.40021929824561
8065,2,1,25,19,8,6567433,4.66922514619883
8066,2,2,26,19,8,6679883,5.25402046783626
8067,2,2,27,19,8,6680744,5.30519005847953
8068,2,2,28,19,8,6679657,5.48976608187135
8069,2,2,29,19,8,6691100,4.84283625730994
8070,2,2,30,19,8,6679537,6.83296783625731
8071,2,3,30,20,8,6679711,6.9718567251462
8072,2,3,29,20,8,6567274,4.36038011695906
8073,2,3,28,20,8,5398530,6.88230994152047
8074,2,3,27,20,8,6692209,6.53326023391813
8075,2,3,26,20,8,6681477,5.08223684210526
8076,2,4,25,20,8,6680977,7.23684210526316
8077,2,4,24,20,8,6565553,6.13669590643275
8078,2,4,23,20,8,6681451,5.57748538011696
8079,2,4,22,20,8,6690981,5.83881578947368
8080,2,4,21,20,8,6681312,5.68165204678363
8081,2,5,21,21,8,6681319,5.5391081871345
8082,2,5,22,21,8,6692205,5.30519005847953
8083,2,5,23,21,8,6680561,6.4437134502924
8084,2,5,24,21,8,6567430,6.33406432748538
8085,2,5,25,21,8,6679929,5.40387426900585
8086,2,6,26,21,8,6692044,4.57602339181287
8087,2,6,27,21,8,6128005,5.58479532163743
8088,2,6,28,21,8,6692387,4.84831871345029
8089,2,6,29,21,8,6680962,6.00694444444444
8090,2,6,30,21,8,6681464,5.45504385964912
8091,2,7,30,22,8,6679532,6.77083333333333
8092,2,7,29,22,8,6567313,5.72916666666667
8093,2,7,28,22,8,6679539,6.3358918128655
8094,2,7,27,22,8,6566828,4.1922514619883
8095,2,7,26,22,8,6681489,5.19919590643275
8096,2,8,25,22,8,6565276,4.85380116959064
8097,2,8,24,22,8,6679899,5.21198830409357
8098,2,8,23,22,8,3822784,4.74597953216374
8099,2,8,22,22,8,6692031,4.09356725146199
8100,2,8,21,22,8,6567383,5.02923976608187
8101,2,9,21,23,8,6567425,4.59978070175439
8102,2,9,22,23,8,6680738,5.48611111111111
8103,2,9,23,23,8,6679102,5.33077485380117
8104,2,9,24,23,8,6679927,6.24634502923977
8105,2,9,25,23,8,4902859,5.45869883040936
8106,2,10,26,23,8,6567480,4.86293859649123
8107,2,10,27,23,8,6692002,7.26425438596491
8108,2,10,28,23,8,6691914,5.95029239766082
8109,2,10,29,23,8,6680989,5.15899122807017
8110,2,10,30,23,8,6681545,4.98720760233918
8111,2,11,30,24,8,4755014,6.74342105263158
8112,2,11,29,24,8,6681459,5.09868421052632
8113,2,11,28,24,8,6679336,5.17178362573099
8114,2,11,27,24,8,6681493,5.17178362573099
8115,2,11,26,24,8,6333158,5.50073099415205
8116,2,12,25,24,8,6680990,6.0672514619883
8117,2,12,24,24,8,6680991,5.88450292397661
8118,2,12,23,24,8,6681453,5.19005847953216
8119,2,12,22,24,8,6567301,6.77997076023392
8120,2,12,21,24,8,6679996,5.24488304093567
9001,1,1,21,25,9,6692251,5.58845029239766
9002,1,1,22,25,9,3822784,4.89766081871345
9003,1,1,23,25,9,6691294,6.72880116959064
9004,1,1,24,25,9,6691292,7.43786549707602
9005,1,1,25,25,9,6691293,7.00109649122807
9006,1,2,26,25,9,6692139,6.78362573099415
9007,1,2,27,25,9,6691287,5.83150584795322
9008,1,2,28,25,9,6691320,6.5734649122807
9009,1,2,29,25,9,6691327,6.31944444444444
9010,1,2,30,25,9,6692421,7.32638888888889
9011,1,3,30,26,9,5398530,7.9203216374269
9012,1,3,29,26,9,6692425,4.64912280701754
9013,1,3,28,26,9,6691746,6.97551169590643
9014,1,3,27,26,9,6691359,5.52266081871345
9015,1,3,26,26,9,6691368,5.17909356725146
9016,1,4,25,26,9,6691636,5.25950292397661
9017,1,4,24,26,9,4755014,6.24817251461988
9018,1,4,23,26,9,6690859,4.85745614035088
9019,1,4,22,26,9,6691659,5.26498538011696
9020,1,4,21,26,9,6690863,6.38157894736842
9021,1,5,21,27,9,6690864,5.84978070175439
9022,1,5,22,27,9,6691665,6.86586257309942
9023,1,5,23,27,9,6690918,5.74926900584795
9024,1,5,24,27,9,6691721,5.6578947368421
9025,1,5,25,27,9,6691422,6.9078947368421
9026,1,6,26,27,9,6128005,7.49451754385965
9027,1,6,27,27,9,6690931,4.26169590643275
9028,1,6,28,27,9,6691467,6.29203216374269
9029,1,6,29,27,9,6690438,5.07127192982456
9030,1,6,30,27,9,6690445,6.11293859649123
9031,1,7,30,28,9,6690483,5.29239766081871
9032,1,7,29,28,9,6691494,6.40350877192982
9033,1,7,28,28,9,4902859,5.99597953216374
9034,1,7,27,28,9,6690510,4.82090643274854
9035,1,7,26,28,9,6690535,5.04568713450292
9036,1,8,25,28,9,6691523,5.33625730994152
9037,1,8,24,28,9,6691526,5.48245614035088
9038,1,8,23,28,9,6691528,6.14766081871345
9039,1,8,22,28,9,3872194,4.51206140350877
9040,1,8,21,28,9,6691529,5.88998538011696
9041,1,9,21,29,9,6690568,5.78216374269006
9042,1,9,22,29,9,6690578,5.20102339181287
9043,1,9,23,29,9,6690599,5.27777777777778
9044,1,9,24,29,9,6691541,5.95394736842105
9045,1,9,25,29,9,6690606,5.45869883040936
9046,1,10,26,29,9,6690640,5.31980994152047
9047,1,10,27,29,9,6691553,5.8516081871345
9048,1,10,28,29,9,6690675,6.12573099415205
9049,1,10,29,29,9,6691576,5.95394736842105
9050,1,10,30,29,9,6690805,5.79678362573099
9051,1,11,30,30,9,6692267,5.68165204678363
9052,1,11,29,30,9,6692303,5.69078947368421
9053,1,11,28,30,9,6692306,5.36184210526316
9054,1,11,27,30,9,6333158,6.17324561403509
9055,1,11,26,30,9,6692326,6.84758771929825
9056,1,12,25,30,9,6692327,6.38340643274854
9057,1,12,24,30,9,6692338,5.79130116959064
9058,1,12,23,30,9,6692345,6.09100877192982
9059,1,12,22,30,9,5390612,6.76900584795322
9060,1,12,21,30,9,4313703,6.90972222222222
9061,2,1,21,31,9,3872194,5.09868421052632
9062,2,1,22,31,9,6691721,6.27923976608187
9063,2,1,23,31,9,6691320,6.16228070175439
9064,2,1,24,31,9,6691528,6.06176900584795
9065,2,1,25,31,9,6691541,6.4766081871345
9066,2,2,26,31,9,6691494,4.81542397660819
9067,2,2,27,31,9,6691292,7.52923976608187
9068,2,2,28,31,9,6691665,6.38706140350877
9069,2,2,29,31,9,6692338,6.64473684210526
9070,2,2,30,31,9,6692425,6.46747076023392
9071,2,3,30,32,9,6690918,5.68530701754386
9072,2,3,29,32,9,6691422,6.10197368421053
9073,2,3,28,32,9,5398530,7.32638888888889
9074,2,3,27,32,9,6692327,5.87902046783626
9075,2,3,26,32,9,6690578,5.27595029239766
9076,2,4,25,32,9,6691636,5.9375
9077,2,4,24,32,9,6691287,4.93786549707602
9078,2,4,23,32,9,6690535,5.15350877192982
9079,2,4,22,32,9,6692303,5.48245614035088
9080,2,4,21,32,9,6690438,4.24342105263158
9081,2,5,21,33,9,6690445,4.76608187134503
9082,2,5,22,33,9,6692326,5.94480994152047
9083,2,5,23,33,9,6691327,5.48793859649123
9084,2,5,24,33,9,6690599,4.63450292397661
9085,2,5,25,33,9,6691576,4.95065789473684
9086,2,6,26,33,9,4313703,6.79824561403509
9087,2,6,27,33,9,6128005,6.91703216374269
9088,2,6,28,33,9,6691368,5.0968567251462
9089,2,6,29,33,9,6691359,5.03654970760234
9090,2,6,30,33,9,6691529,4.0844298245614
9091,2,7,30,34,9,6692421,4.90862573099415
9092,2,7,29,34,9,6691467,4.68567251461988
9093,2,7,28,34,9,6691746,5.14802631578947
9094,2,7,27,34,9,6690864,6.19517543859649
9095,2,7,26,34,9,6690640,5.07127192982456
9096,2,8,25,34,9,6691293,6.4875730994152
9097,2,8,24,34,9,6690510,4.79714912280702
9098,2,8,23,34,9,3822784,4.54495614035088
9099,2,8,22,34,9,5390612,6.24451754385965
9100,2,8,21,34,9,6690483,4.38413742690058
9101,2,9,21,35,9,6690568,4.40972222222222
9102,2,9,22,35,9,6691294,5.75109649122807
9103,2,9,23,35,9,6692251,5.82419590643275
9104,2,9,24,35,9,6690675,4.6765350877193
9105,2,9,25,35,9,4902859,6.08004385964912
9106,2,10,26,35,9,6690606,6.34137426900585
9107,2,10,27,35,9,6692345,6.51864035087719
9108,2,10,28,35,9,6692306,6.21345029239766
9109,2,10,29,35,9,6690859,5.57565789473684
9110,2,10,30,35,9,6690805,5.31432748538012
9111,2,11,30,36,9,4755014,5.26681286549708
9112,2,11,29,36,9,6691526,4.59429824561404
9113,2,11,28,36,9,6692139,5.58845029239766
9114,2,11,27,36,9,6691553,4.36769005847953
9115,2,11,26,36,9,6333158,6.10745614035088
9116,2,12,25,36,9,6691659,5.87536549707602
9117,2,12,24,36,9,6690863,5.22295321637427
9118,2,12,23,36,9,6691523,5.79130116959064
9119,2,12,22,36,9,6690931,4.70577485380117
9120,2,12,21,36,9,6692267,5.49342105263158
